"sampleID","mh_a","mh_b","total_reads"
"1","49935","MH1","MH2",38
"2","49936","MH3","MH4",96
"3","49938","MH1","MH5",38
"4","49939","MH2","MH2",92
"5","49940","MH3","MH3",28
"6","49944","MH2","MH2",18
"7","49945","MH2","MH2",32
"8","49947","MH1","MH2",36
"9","49951","MH1","MH2",42
"10","49960","MH2","MH4",18
"11","49962","MH2","MH4",38
"12","49964","MH2","MH4",22
"13","49965","MH2","MH6",12
"14","49967","MH2","MH4",22
"15","49968","MH2","MH4",12
"16","49971","MH4","MH4",22
"17","49972","MH1","MH2",12
"18","49973","MH4","MH6",44
"19","49975","MH2","MH4",46
"20","49979","MH4","MH4",90
"21","49981","MH2","MH4",26
"22","49983","MH2","MH2",60
